x_val;torch_layer_norm-tflops;torch_layer_norm-gbps;triton_layer_norm-tflops;triton_layer_norm-accuracy;triton_layer_norm-gbps;triton_layer_norm-speedup;torch_compile_layer_norm-tflops;torch_compile_layer_norm-accuracy;torch_compile_layer_norm-gbps;torch_compile_layer_norm-speedup;liger_layer_norm-tflops;liger_layer_norm-accuracy;liger_layer_norm-gbps;liger_layer_norm-speedup;helion_layer_norm_fwd-tflops;helion_layer_norm_fwd-accuracy;helion_layer_norm_fwd-gbps;helion_layer_norm_fwd-speedup
9216;0.0;1417.2073500472954;0.0;1.0;1482.9013129663276;1.046354517507152;0.0;1.0;2052.0078895283345;1.4479235444692367;0.0;1.0;2020.377673456811;1.425604851251573;0.0;0.0;2370.556253332763;1.67269542685737
9728;0.0;1415.5850908188331;0.0;1.0;1513.211590107004;1.0689654757748968;0.0;1.0;1412.5739922372084;0.9978728946771522;0.0;1.0;2060.2838511461246;1.4554291822573315;0.0;0.0;2416.0737547411622;1.706766884174801
10240;0.0;1404.468248733261;0.0;1.0;1577.0431395958165;1.1228756086285376;0.0;1.0;1405.032869389117;1.0004020173872676;0.0;1.0;2061.2856899227104;1.4676627198812477;0.0;0.0;2471.3080688964133;1.7596040858348863
10752;0.0;1406.6753974657545;0.0;1.0;1607.071719976204;1.1424609564306596;0.0;1.0;1406.3159611182714;0.9997444781161804;0.0;1.0;2074.236661009815;1.4745666731263867;0.0;0.0;2500.5785646798104;1.7776514533380023
11264;0.0;1406.9695803843852;0.0;1.0;1644.2388937652186;1.168638552452578;0.0;1.0;1409.548631789873;1.0018330541338238;0.0;1.0;2069.3103443251666;1.4707569894722454;0.0;0.0;2499.855977100217;1.776766187380721
11776;0.0;1395.3510525324523;0.0;1.0;1696.7249509263856;1.2159842842752464;0.0;1.0;1396.4821708292714;1.000810633492386;0.0;1.0;2085.5455620335715;1.49463861316367;0.0;0.0;2506.9905207797583;1.7966736874063112
12288;0.0;1405.4407920632852;0.0;1.0;1770.4956009666632;1.2597439970185096;0.0;1.0;1404.8131482435767;0.999553418526591;0.0;1.0;2082.574014421394;1.4817942002124687;0.0;0.0;2507.0556886223308;1.7838216328855785
average;0.0;1407.3853588636096;0.0;1.0;1613.0981726148032;1.1464319131553686;0.0;1.0;1498.1106661622362;1.0640200058289484;0.0;1.0;2064.801970902228;1.4672076041949889;0.0;0.0;2467.4884040217794;1.7534256225539528
