x_val;torch_sum-gbps;torch_sum-tflops;triton_sum-gbps;triton_sum-accuracy;triton_sum-speedup;triton_sum-tflops;helion_sum_tritonbench-gbps;helion_sum_tritonbench-accuracy;helion_sum_tritonbench-speedup;helion_sum_tritonbench-tflops
120;7.93650799951124e-05;0.0;6.355932011234325e-05;1.0;0.8008474270580647;0.0;0.00010563379953159231;1.0;1.3309858635321432;0.0
168;0.00011052631223277611;0.0;8.786610846510479e-05;1.0;0.7949791021711884;0.0;0.00013725490118545797;1.0;1.2418300983062711;0.0
224;0.00014973262206434561;0.0;0.00011666666961391465;1.0;0.7791666772774385;0.0;0.00019580419925622412;1.0;1.3076923155201268;0.0
average;0.00011320800476407804;0.0;8.936403273045423e-05;1.0;0.7916644021688972;0.0;0.0001462309666577581;1.0;1.2935027591195138;0.0
