x_val;helion_sum_tritonbench-accuracy;helion_sum_tritonbench-gbps;helion_sum_tritonbench-speedup;helion_sum_tritonbench-tflops;torch_sum-gbps;torch_sum-tflops;triton_sum-accuracy;triton_sum-gbps;triton_sum-speedup;triton_sum-tflops
120;1.0;0.0001056337995315;1.3309858635321432;0.0;7.93650799951124e-05;0.0;1.0;6.355932011234325e-05;0.8008474270580647;0.0
168;1.0;0.0001372549011854;1.2418300983062711;0.0;0.0001105263122327;0.0;1.0;8.786610846510479e-05;0.7949791021711884;0.0
224;1.0;0.0001958041992562;1.3076923155201268;0.0;0.0001497326220643;0.0;1.0;0.0001166666696139;0.7791666772774385;0.0
average;1.0;0.0001462309666577;1.2935027591195138;0.0;0.000113208004764;0.0;1.0;8.936403273045423e-05;0.7916644021688972;0.0
