x_val;helion_add-accuracy;helion_add-gbps;helion_add-speedup;helion_add-tflops;torch_add-gbps;torch_add-tflops;triton_add-accuracy;triton_add-gbps;triton_add-speedup;triton_add-tflops
1048576;1.0;(1023.9999637802454, 978.1492412632573, 1059.8813961736141);0.8984374881576215;0.0;(1139.7564964481928, 1092.266650108055, 1195.185402200912);0.0;1.0;(1139.7564964481928, 1089.2409577877968, 1195.185402200912);1.0;0.0
2097152;1.0;(1409.3763447728934, 1365.3332850403272, 1450.9815650441608);0.958781361072448;0.0;(1469.966357289665, 1384.5633372204866, 1566.5976695728934);0.0;1.0;(1503.6940029096581, 1442.994449991716, 1560.3809647679059);1.0229445017246384;0.0
4194304;1.0;(1694.8965094925825, 1636.695137596188, 1757.3899349539458);0.9773706433558372;0.0;(1734.1389584539747, 1676.8273227648351, 1795.5068976560435);0.0;1.0;(1757.3899349539458, 1717.1004555081843, 1793.4595537538448);1.0134077931797922;0.0
8388608;1.0;(1950.2344158796404, 1926.3490767454277, 1971.0074625591249);1.0012399350903365;0.0;(1947.8192464463393, 1913.4599175960047, 1974.7193692308808);0.0;1.0;(1931.0792518391497, 1887.0593834920403, 1973.4805145457053);0.99140577615827;0.0
average;1.0;;0.9589573569190608;0.0;;0.0;1.0;;1.0069395177656753;0.0
