x_val;torch_exp-gbps;torch_exp-tflops;triton_exp-gbps;triton_exp-tflops;triton_exp-accuracy;triton_exp-speedup;helion_exp_tritonbench-gbps;helion_exp_tritonbench-tflops;helion_exp_tritonbench-accuracy;helion_exp_tritonbench-speedup
1048576;(1445.6470334703126, 1365.3332850403272, 1500.8245029061604);0.0;(1384.5633372204866, 1236.5282793688978, 1560.3809647679059);0.0;1.0;0.9577464658830358;(1098.3687450632412, 1010.8380633002703, 1198.829287940303);0.0;1.0;0.7597765703752589
2097152;(2102.759382773347, 1996.0202923297281, 2215.3014303608848);0.0;(2021.6761266005406, 1872.457157721487, 2196.7374901264825);0.0;1.0;0.9614395936895712;(1424.6956205602412, 1362.9670049447745, 1506.574664604735);0.0;1.0;0.6775362089604365
4194304;(2427.2593096753594, 2299.508678363879, 2570.039201168621);0.0;(2431.0108983478267, 2296.151901115206, 2578.465623530302);0.0;1.0;1.0015456068733624;(1645.255224105459, 1603.327185684154, 1700.3935129999086);0.0;1.0;0.6778242512232894
8388608;(2761.8330459462304, 2663.613821723983, 2854.5625894214368);0.0;(2754.5780188316544, 2672.6661041630273, 2831.438442250085);0.0;1.0;0.9973731116277197;(1784.3039901943682, 1757.3899349539458, 1821.4985573615754);0.0;1.0;0.6460578755161679
average;;0.0;;0.0;1.0;0.9795261945184223;;0.0;1.0;0.6902987265187882
