(Batch, Heads, SeqLen, SeqLen_KV, Dhead);cudnn-speedup;flex_attention-speedup
(4, 48, 128, 128, 128);2.9027984340681643;1.1996348399374404
(4, 48, 256, 256, 128);5.680478962218512;3.4329439952236678
(4, 48, 512, 512, 128);12.219970568694485;7.279589385734849
(4, 48, 1024, 1024, 128);15.745723815482847;9.983676239622714
(4, 48, 2048, 2048, 128);15.49966600043825;11.651748990900792
(4, 48, 4096, 4096, 128);16.2646866423095;12.431341730568725
(4, 48, 8192, 8192, 128);CUDA OOM;CUDA OOM;CUDA OOM
(4, 48, 16384, 16384, 128);CUDA OOM;CUDA OOM;CUDA OOM
average;8.53916555290147;5.747366897748523
