(Batch, Heads, SeqLen, SeqLen_KV, Dhead);aten-tflops;aten-gbps;sdpa-tflops;sdpa-gbps;sdpa-accuracy;sdpa-speedup;triton_tutorial_flash_v2-tflops;triton_tutorial_flash_v2-gbps;triton_tutorial_flash_v2-accuracy;triton_tutorial_flash_v2-speedup;triton_tutorial_flash_v2_tma-tflops;triton_tutorial_flash_v2_tma-gbps;triton_tutorial_flash_v2_tma-accuracy;triton_tutorial_flash_v2_tma-speedup;triton_tutorial_flash_v2_ws-tflops;triton_tutorial_flash_v2_ws-gbps;triton_tutorial_flash_v2_ws-accuracy;triton_tutorial_flash_v2_ws-speedup;triton_tutorial_flash_v2_tma_ws-tflops;triton_tutorial_flash_v2_tma_ws-gbps;triton_tutorial_flash_v2_tma_ws-accuracy;triton_tutorial_flash_v2_tma_ws-speedup;triton_tutorial_flash_v2_tma_ws_persistent-tflops;triton_tutorial_flash_v2_tma_ws_persistent-gbps;triton_tutorial_flash_v2_tma_ws_persistent-accuracy;triton_tutorial_flash_v2_tma_ws_persistent-speedup;flex_attention-tflops;flex_attention-gbps;flex_attention-accuracy;flex_attention-speedup;helion_attention-tflops;helion_attention-gbps;helion_attention-accuracy;helion_attention-speedup
(4, 48, 2048, 2048, 128);37.04473974529371;;330.05204029948715;;1.0;8.909552140703541;447.23713526347257;;1.0;12.072891815100176;457.0897160525721;;1.0;12.338856182965687;228.1765515261255;;1.0;6.159485883690513;442.369689029072;;1.0;11.941498093134049;203.31847954100274;;1.0;5.48845749596157;433.60149094609295;;1.0;11.704805970493535;252.8136858352451;;1.0;6.824550194535067
(4, 48, 4096, 4096, 128);36.74248925398151;;346.62224380181806;;1.0;9.433825819633524;476.3452800279493;;1.0;12.964425919409672;483.25479577399784;;1.0;13.152478386358405;239.60098101222;;1.0;6.52108732633721;474.7612702150052;;1.0;12.921314800780918;217.5043300281958;;1.0;5.919695002826366;454.20151397950434;;1.0;12.361751291259775;374.9534949931835;;1.0;10.204901807314336
average;36.89361449963761;;338.3371420506526;;1.0;9.171688980168533;461.7912076457109;;1.0;12.518658867254924;470.17225591328497;;1.0;12.745667284662046;233.88876626917275;;1.0;6.340286605013862;458.5654796220386;;1.0;12.431406446957483;210.41140478459926;;1.0;5.704076249393967;443.90150246279865;;1.0;12.033278630876655;313.88359041421427;;1.0;8.514726000924702
