x_val;helion_layer_norm_fwd-accuracy;helion_layer_norm_fwd-gbps;helion_layer_norm_fwd-speedup;helion_layer_norm_fwd-tflops;liger_layer_norm-accuracy;liger_layer_norm-gbps;liger_layer_norm-speedup;liger_layer_norm-tflops;torch_compile_layer_norm-accuracy;torch_compile_layer_norm-gbps;torch_compile_layer_norm-speedup;torch_compile_layer_norm-tflops;torch_layer_norm-gbps;torch_layer_norm-tflops;triton_layer_norm-accuracy;triton_layer_norm-gbps;triton_layer_norm-speedup;triton_layer_norm-tflops
5120;0.0;2162.9042334020023;1.380363040979441;0.0;1.0;2071.465866884572;1.3220071786536889;0.0;1.0;2082.16037766761;1.328832403366964;0.0;1566.9096963558998;0.0;1.0;2025.0599286536813;1.2923909612425548;0.0
5632;0.0;2235.3363581947474;1.4686045936581988;0.0;1.0;2039.309677796135;1.339816063798887;0.0;1.0;1523.2879199107915;1.0007923990695138;0.0;1522.081823689976;0.0;1.0;2030.6929778308108;1.3341549358416298;0.0
6144;0.0;2333.626078501836;1.5671364042105729;0.0;1.0;2034.0950298466585;1.365987636263888;0.0;1.0;1492.9890992947549;1.0026103111156688;0.0;1489.1020795840514;0.0;1.0;2044.007849390111;1.3726445469480917;0.0
6656;0.0;2411.798925445276;1.644727473636009;0.0;1.0;2051.0815994637555;1.3987361142407435;0.0;1.0;1470.4948868135791;1.0028047175354975;0.0;1466.3820992261396;0.0;1.0;2048.615597365495;1.3970544228865178;0.0
7168;0.0;2464.752107034657;1.6971120479065065;0.0;1.0;2056.607490557505;1.4160829156320631;0.0;1.0;1450.88591582169;0.9990116088555724;0.0;1452.3213774099847;0.0;1.0;2041.1657921009723;1.4054504904011744;0.0
7680;0.0;2519.000621474258;1.747597712800644;0.0;1.0;2069.557859840288;1.4357894760060672;0.0;1.0;1440.8794123828495;0.999633562626152;0.0;1441.4075979977042;0.0;1.0;2037.3885718565853;1.413471508466289;0.0
8192;0.0;2525.928403906561;1.766937711175857;0.0;1.0;2068.197161794787;1.4467455030278316;0.0;1.0;1429.0643967899027;0.9996592819026968;0.0;1429.5514708470469;0.0;1.0;2014.5552151359584;1.4092218826806433;0.0
8704;0.0;2318.651444927933;1.6266909446927875;0.0;1.0;2011.0323912299136;1.410875354919619;0.0;1.0;1423.3305233769922;0.9985627114187328;0.0;1425.3792046317851;0.0;1.0;1526.9652283626742;1.0712694722925549;0.0
average;0.0;2371.499771610909;1.612396241132502;0.0;1.0;2050.168384676702;1.3920050303178484;0.0;1.0;1539.1365665072713;1.04148837448635;0.0;1474.1419187178235;0.0;1.0;1971.056395087036;1.336957277594932;0.0
