x_val;torch_exp-tflops;torch_exp-gbps;triton_exp-tflops;triton_exp-speedup;triton_exp-gbps;triton_exp-accuracy;helion_exp_tritonbench-tflops;helion_exp_tritonbench-speedup;helion_exp_tritonbench-gbps;helion_exp_tritonbench-accuracy
65536;0.0;(161.68421770661192, 149.85366099253787, 167.18367479656135);0.0;0.926829242322578;(149.85366099253787, 131.4224614233342, 178.08695257003015);1.0;0.0;0.9156626210296391;(148.0481945643631, 128.67015762268454, 184.78196309327078);1.0
131072;0.0;(305.2919186914802, 280.86858144331984, 329.87919571543483);0.0;1.0;(305.2919186914802, 282.48275748822505, 325.5099333712973);1.0;0.0;0.9757575682744974;(297.89090019625434, 271.5580173640429, 329.87919571543483);1.0
262144;0.0;(543.1160347280858, 506.72166798677125, 578.2588257627916);0.0;0.9282051040954462;(504.1230755506888, 442.8108060329188, 614.4000155210498);1.0;0.0;0.9329897030944124;(506.72166798677125, 477.2038904938513, 537.1803382354796);1.0
524288;0.0;(918.7289733060406, 873.8133483434609, 968.5122998170106);0.0;1.0046948029646827;(923.0422248136578, 866.1145496083764, 983.0400248336797);1.0;0.0;0.8458497823654718;(777.1067021237678, 704.6881723864467, 873.8133483434609);1.0
average;0.0;;0.0;0.9649322873456767;;1.0;0.0;0.9175649186910052;;1.0
