x_val;helion_exp_tritonbench-accuracy;helion_exp_tritonbench-gbps;helion_exp_tritonbench-speedup;helion_exp_tritonbench-tflops;torch_exp-gbps;torch_exp-tflops;triton_exp-accuracy;triton_exp-gbps;triton_exp-speedup;triton_exp-tflops
65536;1.0;(148.0481945643631, 128.67015762268454, 184.78196309327078);0.9156626210296392;0.0;(161.68421770661192, 149.85366099253787, 167.18367479656135);0.0;1.0;(149.85366099253787, 131.4224614233342, 178.08695257003015);0.926829242322578;0.0
131072;1.0;(297.89090019625434, 271.5580173640429, 329.87919571543483);0.9757575682744974;0.0;(305.2919186914802, 280.86858144331984, 329.87919571543483);0.0;1.0;(305.2919186914802, 282.48275748822505, 325.5099333712973);1.0;0.0
262144;1.0;(506.72166798677125, 477.2038904938513, 537.1803382354796);0.9329897030944124;0.0;(543.1160347280858, 506.72166798677125, 578.2588257627916);0.0;1.0;(504.1230755506888, 442.8108060329188, 614.4000155210498);0.9282051040954462;0.0
524288;1.0;(777.1067021237678, 704.6881723864467, 873.8133483434609);0.8458497823654718;0.0;(918.7289733060406, 873.8133483434609, 968.5122998170106);0.0;1.0;(923.0422248136578, 866.1145496083764, 983.0400248336797);1.0046948029646827;0.0
average;1.0;;0.9175649186910052;0.0;;0.0;1.0;;0.9649322873456768;0.0
