x_val;torch_add-gbps;torch_add-tflops;triton_add-speedup;triton_add-gbps;triton_add-tflops;triton_add-accuracy;helion_add-speedup;helion_add-gbps;helion_add-tflops;helion_add-accuracy
65536;(157.53846698776053, 144.5647064406979, 170.6666606300409);0.0;1.0;(157.53846698776053, 146.28571544699116, 167.18367479656135);0.0;1.0;0.5909090658541406;(93.09090836383095, 84.16438023514777, 107.78947159149864);0.0;1.0
131072;(262.8449228466684, 230.76055620341444, 319.16884375559545);0.0;1.0809248861228473;(284.1156182960036, 262.8449228466684, 301.54600440823674);0.0;1.0;0.7110266227018072;(186.8897377859837, 177.44403452028652, 195.82470869661168);0.0;1.0
262144;(450.9357776627397, 396.38710213600666, 540.1318580241413);0.0;1.0139535274080596;(457.22792239563137, 402.8852536766097, 546.1333250540275);0.0;1.0;0.7440273325702765;(335.50854381491155, 304.34676274185773, 384.0000009695068);0.0;1.0
524288;(777.1067021237678, 733.6119309474429, 822.6276120527295);0.0;0.9511278828931835;(739.1278523730831, 666.4677846801724, 851.1168898734031);0.0;1.0;0.7507418454004549;(583.406519625459, 544.6204788938984, 653.1827399638188);0.0;1.0
average;;0.0;1.0115015741060227;;0.0;1.0;0.6991762166316697;;0.0;1.0
