(Batch, Heads, SeqLen, SeqLen_KV, Dhead);aten-tflops;aten-gbps;sdpa-tflops;sdpa-speedup;sdpa-accuracy;sdpa-gbps;triton_tutorial_flash_v2-tflops;triton_tutorial_flash_v2-speedup;triton_tutorial_flash_v2-accuracy;triton_tutorial_flash_v2-gbps;triton_tutorial_flash_v2_tma-tflops;triton_tutorial_flash_v2_tma-speedup;triton_tutorial_flash_v2_tma-accuracy;triton_tutorial_flash_v2_tma-gbps;triton_tutorial_flash_v2_ws-tflops;triton_tutorial_flash_v2_ws-speedup;triton_tutorial_flash_v2_ws-accuracy;triton_tutorial_flash_v2_ws-gbps;triton_tutorial_flash_v2_tma_ws-tflops;triton_tutorial_flash_v2_tma_ws-speedup;triton_tutorial_flash_v2_tma_ws-accuracy;triton_tutorial_flash_v2_tma_ws-gbps;triton_tutorial_flash_v2_tma_ws_persistent-tflops;triton_tutorial_flash_v2_tma_ws_persistent-speedup;triton_tutorial_flash_v2_tma_ws_persistent-accuracy;triton_tutorial_flash_v2_tma_ws_persistent-gbps;flex_attention-tflops;flex_attention-speedup;flex_attention-accuracy;flex_attention-gbps;helion_attention-tflops;helion_attention-speedup;helion_attention-accuracy;helion_attention-gbps
(4, 48, 128, 128, 128);25.471482912549323;;72.21183249448345;2.8350070053795737;1.0;;78.39820572211546;3.0778814877515486;1.0;;58.86742517184775;2.311111032441887;1.0;;53.373962760500746;2.0954399452810963;1.0;;58.86742517184775;2.311111032441887;1.0;;39.444863546155396;1.5485892078439474;1.0;;44.979130470941854;1.7658622635112255;1.0;;80.27376060434362;3.151515005229406;1.0;
(4, 48, 256, 256, 128);32.59294147530485;;139.2300130069789;4.271784217833524;1.0;;164.48250887479173;5.046568411121087;1.0;;132.45170100090908;4.063815507454755;1.0;;95.18987624364975;2.9205672128664304;1.0;;132.27766025925513;4.058475678222532;1.0;;86.22123541581658;2.6453959511799527;1.0;;122.0161170247934;3.7436362445912734;1.0;;153.9194189584914;4.722477076059971;1.0;
average;29.032212193927087;;105.72092275073118;3.5533956116065486;1.0;;121.44035729845359;4.062224949436318;1.0;;95.65956308637841;3.1874632699483207;1.0;;74.28191950207525;2.5080035790737636;1.0;;95.57254271555144;3.1847933553322094;1.0;;62.83304948098599;2.09699257951195;1.0;;83.49762374786764;2.7547492540512497;1.0;;117.09658978141752;3.9369960406446887;1.0;
