x_val;torch_layer_norm-gbps;torch_layer_norm-tflops;triton_layer_norm-gbps;triton_layer_norm-accuracy;triton_layer_norm-speedup;triton_layer_norm-tflops;torch_compile_layer_norm-gbps;torch_compile_layer_norm-accuracy;torch_compile_layer_norm-speedup;torch_compile_layer_norm-tflops;liger_layer_norm-gbps;liger_layer_norm-accuracy;liger_layer_norm-speedup;liger_layer_norm-tflops;helion_layer_norm_fwd-gbps;helion_layer_norm_fwd-accuracy;helion_layer_norm_fwd-speedup;helion_layer_norm_fwd-tflops
9216;1417.4202590475045;0.0;1479.182409971343;1.0;1.043573633528663;0.0;2080.507899628152;1.0;1.4678130119476611;0.0;2025.5815192299658;1.0;1.4290620627866155;0.0;152.0483389483024;0.0;0.10727117661664981;0.0
9728;1412.9747254916758;0.0;1512.0631742924609;1.0;1.0701275451097012;0.0;1408.7783790133722;1.0;0.9970301333756386;0.0;2056.4557803003413;1.0;1.4554087509136102;0.0;159.95684168587945;0.0;0.11320573454009868;0.0
10240;1405.4095061969576;0.0;1566.9096963558998;1.0;1.1149132615417994;0.0;1402.0270267132605;1.0;0.9975932427745917;0.0;2054.8226637935963;1.0;1.462081090766173;0.0;167.78290068756928;0.0;0.11938363868164682;0.0
10752;1406.1364790685002;0.0;1602.8604066008186;1.0;1.1399038645684227;0.0;1406.495656328116;1.0;1.000255435560461;0.0;2068.7801532478084;1.0;1.4712513216485774;0.0;175.63807949001256;0.0;0.1249082732042942;0.0
11264;1406.2834158566548;0.0;1639.5645137187214;1.0;1.1658848388821825;0.0;1408.5157813361623;1.0;1.0015874221755987;0.0;2068.197291310572;1.0;1.4706831268793028;0.0;183.2272126995893;0.0;0.13029181076417246;0.0
11776;1396.4821708292714;0.0;1693.1513111699633;1.0;1.2124403351061197;0.0;1399.2369518594599;1.0;1.001972657501637;0.0;2084.463942352047;1.0;1.4926534587364133;0.0;190.7165068961315;0.0;0.13656923867698115;0.0
12288;1401.5273028669226;0.0;1762.8064204778616;1.0;1.2577752976141936;0.0;1401.8395157902526;1.0;1.0002227662084724;0.0;2086.7184720056453;1.0;1.4888889197785276;0.0;197.95657136680896;0.0;0.14124346415647765;0.0
average;1406.6048370510694;0.0;1608.0768475124385;1.0;1.1435169680501545;0.0;1501.057315809825;1.0;1.0666392385062946;0.0;2063.5742603199965;1.0;1.4671469616441744;0.0;175.33235025347048;0.0;0.12469619094861725;0.0
