(B, T, D, V);helion_embedding_tritonbench-accuracy;helion_embedding_tritonbench-gbps;helion_embedding_tritonbench-speedup;helion_embedding_tritonbench-tflops;inductor_embedding-accuracy;inductor_embedding-gbps;inductor_embedding-speedup;inductor_embedding-tflops;liger_embedding-accuracy;liger_embedding-gbps;liger_embedding-speedup;liger_embedding-tflops;torch_embedding-gbps;torch_embedding-tflops
(32, 512, 768, 1024);1.0;;0.8620352542507256;0.0;1.0;;1.00456103823354;0.0;1.0;;0.933262698996664;0.0;;0.0
(32, 512, 768, 2048);1.0;;0.9515669137700754;0.0;1.0;;1.0172587774193524;0.0;1.0;;1.0090633959392976;0.0;;0.0
(32, 512, 768, 4096);1.0;;1.017345983191971;0.0;1.0;;1.0085984175924672;0.0;1.0;;1.058664178376843;0.0;;0.0
(32, 512, 768, 8192);1.0;;1.0320856290305138;0.0;1.0;;1.0127436376715435;0.0;1.0;;1.0921584916037448;0.0;;0.0
average;1.0;;0.9657584450608212;0.0;1.0;;1.010790467729226;0.0;1.0;;1.0232871912291372;0.0;;0.0
