x_val;torch_sum-tflops;torch_sum-gbps;triton_sum-tflops;triton_sum-speedup;triton_sum-accuracy;triton_sum-gbps;helion_sum_tritonbench-tflops;helion_sum_tritonbench-speedup;helion_sum_tritonbench-accuracy;helion_sum_tritonbench-gbps
512;0.0;0.0003575419092002739;0.0;0.7489539517126051;1.0;0.0002677824257984146;0.0;1.2094593737583554;1.0;0.00043243241359373
2048;0.0;0.0012549019835342223;0.0;0.8360655747481803;1.0;0.0010491803481161711;0.0;1.4068965441107695;1.0;0.0017655172638320472
8192;0.0;0.004145749171964409;0.0;0.8790035635104648;0.0;0.0036441282955772744;0.0;1.2474747281731555;0.0;0.005171717321370385
32768;0.0;0.010475703092354715;0.0;0.8826185353691036;1.0;0.009246049720335707;0.0;1.0952380835919049;1.0;0.01147338897914837
average;0.0;0.004058474039263405;0.0;0.8366604063350885;0.75;0.003551785197456892;0.0;1.2397671824085463;0.75;0.004710763994486133
