x_val;helion_sum_tritonbench-accuracy;helion_sum_tritonbench-gbps;helion_sum_tritonbench-speedup;helion_sum_tritonbench-tflops;torch_sum-gbps;torch_sum-tflops;triton_sum-accuracy;triton_sum-gbps;triton_sum-speedup;triton_sum-tflops
512;1.0;0.0004324324135937;1.2094593737583554;0.0;0.0003575419092002;0.0;1.0;0.0002677824257984;0.7489539517126051;0.0
2048;1.0;0.001765517263832;1.4068965441107697;0.0;0.0012549019835342;0.0;1.0;0.0010491803481161;0.8360655747481803;0.0
8192;0.0;0.0051717173213703;1.2474747281731555;0.0;0.0041457491719644;0.0;0.0;0.0036441282955772;0.8790035635104648;0.0
32768;1.0;0.0114733889791483;1.0952380835919049;0.0;0.0104757030923547;0.0;1.0;0.0092460497203357;0.8826185353691036;0.0
average;0.75;0.0047107639944861;1.2397671824085463;0.0;0.0040584740392634;0.0;0.75;0.0035517851974568;0.8366604063350885;0.0
