x_val;helion_add-accuracy;helion_add-gbps;helion_add-speedup;helion_add-tflops;torch_add-gbps;torch_add-tflops;triton_add-accuracy;triton_add-gbps;triton_add-speedup;triton_add-tflops
4096;1.0;(6.269387680746426, 5.605839602332045, 7.2796206478909715);0.6367346643009807;0.0;(9.846154186735033, 8.677966374427696, 12.487804344006314);0.0;1.0;(10.741258930627152, 10.105263606663245, 11.21167920466409);1.0909090724069732;0.0
8192;1.0;(12.387096941750208, 11.335793476907506, 14.490566105403778);0.641129052605761;0.0;(19.320754365139027, 16.879120563254414, 24.000000060594175);0.0;1.0;(21.041095058786944, 19.948052734724715, 22.100720040614707);1.0890410726794382;0.0
16384;1.0;(24.87449503178645, 22.42335840932818, 28.845069525426805);0.6477732917553086;0.0;(38.40000097006561, 32.68085011868201, 46.90076571581751);0.0;1.0;(38.40000097006561, 33.03225721917632, 46.545454181915474);1.0;0.0
32768;1.0;(50.36065670957621, 48.377950236346464, 52.289361808849385);0.6762295414381301;0.0;(74.47272504906358, 64.67368212935013, 93.80153143163503);0.0;1.0;(80.84210885330596, 76.32297967287005, 85.33333031502045);1.0855263964095063;0.0
average;1.0;;0.6504666375250451;0.0;;0.0;1.0;;1.0663691353739797;0.0
