x_val;torch_exp-gbps;torch_exp-tflops;triton_exp-accuracy;triton_exp-gbps;triton_exp-speedup;triton_exp-tflops;helion_exp_tritonbench-accuracy;helion_exp_tritonbench-gbps;helion_exp_tritonbench-speedup;helion_exp_tritonbench-tflops
4096;(10.308724866107339, 9.721519277695956, 10.741258930627152);0.0;1.0;(10.308724866107339, 9.660377182569514, 10.8936172683656);1.0;0.0;1.0;(9.660377182569514, 8.302702830811329, 11.90697741435419);0.9371068980927565;0.0
8192;(18.618181262265896, 16.16842053233753, 23.81395482870838);0.0;1.0;(20.34437083570608, 19.320754365139027, 21.482517861254305);1.0927152630605608;0.0;1.0;(20.617449732214677, 19.320754365139027, 21.7872345367312);1.107382587041451;0.0
16384;(37.69325055102959, 32.50793676599804, 47.26153833287707);0.0;1.0;(40.68874167141216, 38.641508730278055, 42.666665157510224);1.0794702254804807;0.0;1.0;(40.42105442665298, 38.641508730278055, 42.37241433196913);1.072368496633912;0.0
32768;(79.2774185664944, 74.02409728218154, 83.59183739828067);0.0;1.0;(74.02409728218154, 64.33507881134227, 90.35293959189454);0.9337349603543584;0.0;1.0;(79.79221093889886, 73.5808358543118, 86.53520857628041);1.0064935561943489;0.0
average;;0.0;1.0;;1.02648011222385;0.0;1.0;;1.0308378844906172;0.0
