(Batch, Heads, SeqLen, SeqLen_KV, Dhead);aten-tflops;aten-gbps;sdpa-tflops;sdpa-gbps;sdpa-speedup;sdpa-accuracy;triton_tutorial_flash_v2-tflops;triton_tutorial_flash_v2-gbps;triton_tutorial_flash_v2-speedup;triton_tutorial_flash_v2-accuracy;triton_tutorial_flash_v2_tma-tflops;triton_tutorial_flash_v2_tma-gbps;triton_tutorial_flash_v2_tma-speedup;triton_tutorial_flash_v2_tma-accuracy;triton_tutorial_flash_v2_ws-tflops;triton_tutorial_flash_v2_ws-gbps;triton_tutorial_flash_v2_ws-speedup;triton_tutorial_flash_v2_ws-accuracy;triton_tutorial_flash_v2_tma_ws-tflops;triton_tutorial_flash_v2_tma_ws-gbps;triton_tutorial_flash_v2_tma_ws-speedup;triton_tutorial_flash_v2_tma_ws-accuracy;triton_tutorial_flash_v2_tma_ws_persistent-tflops;triton_tutorial_flash_v2_tma_ws_persistent-gbps;triton_tutorial_flash_v2_tma_ws_persistent-speedup;triton_tutorial_flash_v2_tma_ws_persistent-accuracy;flex_attention-tflops;flex_attention-gbps;flex_attention-speedup;flex_attention-accuracy;helion_attention-tflops;helion_attention-gbps;helion_attention-speedup;helion_attention-accuracy
(4, 48, 512, 512, 128);33.38749555209032;;256.63046220449525;;7.686424452055918;1.0;296.94188392624085;;8.893805270987146;1.0;251.81563233000946;;7.542213878759882;1.0;163.91336869789998;;4.909423902196153;1.0;252.05206237445572;;7.549295273771297;1.0;143.39501053461422;;4.2948717225852695;1.0;243.9583067266572;;7.306876502492966;1.0;232.41164522903753;;6.961038598011485;1.0
(4, 48, 1024, 1024, 128);36.07235739655008;;316.3957693405202;;8.771142009442938;1.0;399.4575269805839;;11.073784909294217;1.0;384.34859243946744;;10.654934142902068;1.0;205.4221914677373;;5.694725997790863;1.0;380.9396196380575;;10.560430399663597;1.0;178.38218232222798;;4.945121283902787;1.0;358.71106141735476;;9.94420900951878;1.0;306.4331704127659;;8.494958259702562;1.0
average;34.7299264743202;;286.5131157725077;;8.228783230749428;1.0;348.1997054534124;;9.983795090140681;1.0;318.0821123847385;;9.098574010830975;1.0;184.66778008281864;;5.302074949993508;1.0;316.49584100625657;;9.054862836717447;1.0;160.8885964284211;;4.619996503244028;1.0;301.334684072006;;8.625542756005872;1.0;269.4224078209017;;7.727998428857024;1.0
