(Batch, Heads, SeqLen, SeqLen_KV, Dhead);aten-tflops;aten-gbps;cudnn-tflops;cudnn-speedup;cudnn-gbps;cudnn-accuracy
(4, 48, 128, 128, 128);25.407192964281332;;73.05028655699874;2.8751813181289405;;1.0
(4, 48, 256, 256, 128);32.54026135494926;;190.83089277644257;5.8644548270482115;;1.0
(4, 48, 512, 512, 128);33.41658885182774;;405.4916277477083;12.134441056976097;;1.0
(4, 48, 1024, 1024, 128);36.081247125201635;;568.7192043144935;15.762182563730198;;1.0
(4, 48, 2048, 2048, 128);37.01898388483074;;618.782206630355;16.715267187112424;;1.0
(4, 48, 4096, 4096, 128);36.781427789754886;;606.1130131318604;16.478778817299947;;1.0
(4, 48, 8192, 8192, 128);CUDA OOM;;CUDA OOM;;;
(4, 48, 16384, 16384, 128);CUDA OOM;;CUDA OOM;;;
average;25.155712746355697;;307.8734038947323;8.728788221286976;;0.75
