x_val;torch_layer_norm-tflops;torch_layer_norm-gbps;triton_layer_norm-tflops;triton_layer_norm-speedup;triton_layer_norm-gbps;triton_layer_norm-accuracy;torch_compile_layer_norm-tflops;torch_compile_layer_norm-speedup;torch_compile_layer_norm-gbps;torch_compile_layer_norm-accuracy;liger_layer_norm-tflops;liger_layer_norm-speedup;liger_layer_norm-gbps;liger_layer_norm-accuracy;helion_layer_norm_fwd-tflops;helion_layer_norm_fwd-speedup;helion_layer_norm_fwd-gbps;helion_layer_norm_fwd-accuracy
9216;0.0;1420.1932121628647;0.0;1.0446471167981184;1483.6007443821952;1.0;0.0;1.4470818846910305;2055.1358700820465;1.0;0.0;1.4296471754156488;2030.3752143131167;1.0;0.0;1.650521659785266;2344.05965775482;0.0
9728;0.0;1414.3791309429819;0.0;1.0661519579802368;1507.9430797812458;1.0;0.0;0.999858001074247;1414.1782906257806;1.0;0.0;1.4500720399205087;2050.951631627486;1.0;0.0;1.705326928629906;2411.978819289231;0.0
10240;0.0;1404.2802010601936;0.0;1.1171453709653227;1568.785126152648;1.0;0.0;1.0006700355448959;1405.2211187098972;1.0;0.0;1.4672823754015174;2060.4755891409213;1.0;0.0;1.7393431301182203;2442.5251204750807;0.0
10752;0.0;1408.835376226635;0.0;1.1375545110071956;1602.627037493128;1.0;0.0;0.9980843062264925;1406.1364790685002;1.0;0.0;1.4676056264128339;2067.614724839651;1.0;0.0;1.7597387012129109;2479.182135183861;0.0
11264;0.0;1405.7691118359874;0.0;1.1673068819091887;1640.963958621516;1.0;0.0;1.0015869545717626;1408.000003554858;1.0;0.0;1.4717489762342342;2068.939251166323;1.0;0.0;1.770608652678271;2489.066953084647;0.0
11776;0.0;1396.6439519196556;0.0;1.2094130763218773;1689.1194584174948;1.0;0.0;1.0015079842467014;1398.7500689974013;1.0;0.0;1.4924805563271857;2084.463942352047;1.0;0.0;1.787577660830057;2496.6095285849847;0.0
12288;0.0;1401.215083661542;0.0;1.2585844836831241;1763.5475625991676;1.0;0.0;1.0005571332407648;1401.995747162111;1.0;0.0;1.4892206744968812;2086.7184720056453;1.0;0.0;1.7881322763632022;2505.557917222168;0.0
average;0.0;1407.3308668299799;0.0;1.142971914095009;1608.0838524924852;1.0;0.0;1.0641923285136992;1498.4882254572278;1.0;0.0;1.466865346315544;2064.2198322064555;1.0;0.0;1.7430355728025477;2452.7114473706847;0.0
