x_val;torch_layer_norm-tflops;torch_layer_norm-gbps;triton_layer_norm-accuracy;triton_layer_norm-speedup;triton_layer_norm-tflops;triton_layer_norm-gbps;torch_compile_layer_norm-accuracy;torch_compile_layer_norm-speedup;torch_compile_layer_norm-tflops;torch_compile_layer_norm-gbps;liger_layer_norm-accuracy;liger_layer_norm-speedup;liger_layer_norm-tflops;liger_layer_norm-gbps;helion_layer_norm_fwd-accuracy;helion_layer_norm_fwd-speedup;helion_layer_norm_fwd-tflops;helion_layer_norm_fwd-gbps
5120;0.0;1565.038854004234;1.0;1.2899499104807859;0.0;2018.8217296217133;1.0;1.3373253177627102;0.0;2092.9660827422003;1.0;1.3256826305385732;0.0;2074.7448248714068;0.0;0.11085373557428486;0.0;173.49040328526718
5632;0.0;1518.075260407663;1.0;1.3357946741545788;0.0;2027.8368478183816;1.0;1.0;0.0;1518.075260407663;1.0;1.3348559497432686;0.0;2026.411793513231;0.0;0.12472504290003437;0.0;189.34200197982662
6144;0.0;1489.807319220089;1.0;1.376018140912986;0.0;2050.0018977117866;1.0;0.9964605128471088;0.0;1484.5341653534267;1.0;1.362257958470375;0.0;2029.5018771949808;0.0;0.13761975307053279;0.0;205.02691539374112
6656;0.0;1464.4916051350524;1.0;1.4022296463639836;0.0;2053.553545571547;1.0;1.0006450775765108;0.0;1465.4363158305132;1.0;1.3917463906203231;0.0;2038.2009055404726;0.0;0.15052233162035125;0.0;220.43869104335886
7168;0.0;1448.0236216574963;1.0;1.4049335316265712;0.0;2034.3769406539645;1.0;1.0025712682372114;0.0;1451.746878802596;1.0;1.4202858708916546;0.0;2056.607490557505;0.0;0.16308474633760295;0.0;236.15056502886998
7680;0.0;1437.7184098322598;1.0;1.4170984790368581;0.0;2037.3885718565855;1.0;1.0021986242430871;0.0;1440.8794123828495;1.0;1.4330626837193614;0.0;2060.3406028269505;0.0;0.17472131123742535;0.0;251.2000457560785
8192;0.0;1423.9701430943705;1.0;1.4184925716207883;0.0;2019.8910701891555;1.0;1.0023821859870414;0.0;1427.3623048152156;1.0;1.4463540024976274;0.0;2059.564915901662;0.0;0.1871465823318415;0.0;266.4911456226948
8704;0.0;1422.1949919547376;1.0;1.074220053286847;0.0;1527.7503800419054;1.0;1.001758288152925;0.0;1424.6956205602412;1.0;1.4127593088435655;0.0;2009.2192138747553;0.0;0.1013388985990554;0.0;144.12367407778558
average;0.0;1471.1650256632379;1.0;1.339842125935425;0.0;1971.2026229331298;1.0;1.0429176593508245;0.0;1538.2120051118384;1.0;1.3908755994155935;0.0;2044.3239530351207;0.0;0.14375155020889105;0.0;210.78293027345282
