x_val;torch_layer_norm-tflops;torch_layer_norm-gbps;triton_layer_norm-accuracy;triton_layer_norm-tflops;triton_layer_norm-speedup;triton_layer_norm-gbps;torch_compile_layer_norm-accuracy;torch_compile_layer_norm-tflops;torch_compile_layer_norm-speedup;torch_compile_layer_norm-gbps;liger_layer_norm-accuracy;liger_layer_norm-tflops;liger_layer_norm-speedup;liger_layer_norm-gbps;helion_layer_norm_fwd-accuracy;helion_layer_norm_fwd-tflops;helion_layer_norm_fwd-speedup;helion_layer_norm_fwd-gbps
12800;0.0;1406.0502436187667;1.0;0.0;1.3059680451189133;1836.2566879977724;1.0;0.0;1.371285618327354;1928.0964777200873;1.0;0.0;1.4919973783448723;2097.8232773003688;0.0;0.0;1.7042046403358346;2396.1973497204326
13312;0.0;1401.6954561660318;1.0;0.0;1.329459973595764;1863.498004143795;1.0;0.0;1.0005143353245942;1402.4163976534612;1.0;0.0;1.4984591203565085;2100.3833402542673;0.0;0.0;1.6969114656109836;2378.5530908629576
13824;0.0;1404.9003077611928;1.0;0.0;1.356306416535495;1905.4753020091975;1.0;0.0;0.9993057799911865;1403.9249978571568;1.0;0.0;1.4960654212986773;2101.82277081339;0.0;0.0;1.690320479019463;2374.7317611894905
14336;0.0;1407.484591950492;1.0;0.0;1.3669724692254643;1923.9926880553587;1.0;0.0;0.9989464753083105;1406.0017721796994;1.0;0.0;1.500719429955529;2112.2394745031324;0.0;0.0;1.6518846375438336;2325.002175022669
14848;0.0;1406.3779313352309;1.0;0.0;1.3789540819962993;1939.330589244228;1.0;0.0;0.9998150791060061;1406.117862670875;1.0;0.0;1.5013192550712848;2111.4222682209033;0.0;0.0;1.6291441382427432;2291.1923629887465
15360;0.0;1405.5978564632462;1.0;0.0;1.390234801125779;1954.1110564430026;1.0;0.0;1.0000893949832435;1405.7235098600718;1.0;0.0;1.5034260170081797;2113.2123868577733;0.0;0.0;1.607527617573619;2259.537373466948
15872;0.0;1407.789386702542;1.0;0.0;1.3938185505324832;1962.2029624287504;1.0;0.0;0.999567076109939;1407.1799210448642;1.0;0.0;1.5046265721758003;2118.1973192597184;0.0;0.0;1.5603458996633695;2196.6383971309215
average;0.0;1405.6993962853574;1.0;0.0;1.360244905447171;1912.1238986174433;1.0;0.0;1.0527891084500904;1479.9229912837452;1.0;0.0;1.4995161706015503;2107.871548172793;0.0;0.0;1.6486198397128355;2317.4075014831665
