x_val;helion_layer_norm_fwd-accuracy;helion_layer_norm_fwd-gbps;helion_layer_norm_fwd-speedup;helion_layer_norm_fwd-tflops;liger_layer_norm-accuracy;liger_layer_norm-gbps;liger_layer_norm-speedup;liger_layer_norm-tflops;torch_compile_layer_norm-accuracy;torch_compile_layer_norm-gbps;torch_compile_layer_norm-speedup;torch_compile_layer_norm-tflops;torch_layer_norm-gbps;torch_layer_norm-tflops;triton_layer_norm-accuracy;triton_layer_norm-gbps;triton_layer_norm-speedup;triton_layer_norm-tflops
12800;0.0;2396.1973497204326;1.7042046403358346;0.0;1.0;2097.8232773003688;1.4919973783448723;0.0;1.0;1928.0964777200877;1.371285618327354;0.0;1406.050243618767;0.0;1.0;1836.2566879977724;1.3059680451189133;0.0
13312;0.0;2378.5530908629576;1.6969114656109836;0.0;1.0;2100.3833402542678;1.4984591203565083;0.0;1.0;1402.4163976534612;1.0005143353245942;0.0;1401.6954561660318;0.0;1.0;1863.498004143795;1.329459973595764;0.0
13824;0.0;2374.7317611894905;1.690320479019463;0.0;1.0;2101.82277081339;1.4960654212986773;0.0;1.0;1403.9249978571568;0.9993057799911864;0.0;1404.9003077611928;0.0;1.0;1905.475302009197;1.356306416535495;0.0
14336;0.0;2325.002175022669;1.6518846375438336;0.0;1.0;2112.2394745031324;1.500719429955529;0.0;1.0;1406.0017721796994;0.9989464753083104;0.0;1407.484591950492;0.0;1.0;1923.9926880553587;1.3669724692254643;0.0
14848;0.0;2291.1923629887465;1.6291441382427432;0.0;1.0;2111.422268220904;1.5013192550712848;0.0;1.0;1406.117862670875;0.999815079106006;0.0;1406.3779313352309;0.0;1.0;1939.330589244228;1.378954081996299;0.0
15360;0.0;2259.537373466948;1.607527617573619;0.0;1.0;2113.2123868577733;1.5034260170081797;0.0;1.0;1405.7235098600718;1.0000893949832437;0.0;1405.5978564632462;0.0;1.0;1954.1110564430023;1.390234801125779;0.0
15872;0.0;2196.638397130921;1.5603458996633697;0.0;1.0;2118.1973192597184;1.5046265721758003;0.0;1.0;1407.1799210448642;0.999567076109939;0.0;1407.789386702542;0.0;1.0;1962.2029624287504;1.3938185505324832;0.0
average;0.0;2317.4075014831665;1.6486198397128355;0.0;1.0;2107.871548172793;1.4995161706015503;0.0;1.0;1479.9229912837452;1.0527891084500904;0.0;1405.6993962853574;0.0;1.0;1912.1238986174435;1.360244905447171;0.0
