x_val;torch_sum-gbps;torch_sum-tflops;triton_sum-accuracy;triton_sum-speedup;triton_sum-gbps;triton_sum-tflops;helion_sum_tritonbench-accuracy;helion_sum_tritonbench-speedup;helion_sum_tritonbench-gbps;helion_sum_tritonbench-tflops
288;0.0001714285727894428;0.0;1.0;0.8235294319057657;0.000141176475161706;0.0;1.0;1.3207546824447254;0.000226415090216473;0.0
360;0.00022842639453846684;0.0;1.0;0.7755905155433925;0.00017716534510380788;0.0;1.0;1.2389936957260477;0.0002830188627705913;0.0
440;0.00027918781554701503;0.0;1.0;0.7725490493718538;0.00021568628149705088;0.0;1.0;1.2468354879225088;0.0003481012762195818;0.0
average;0.0002263475942916416;0.0;1.0;0.7905563322736707;0.00017800936725418827;0.0;1.0;1.2688612886977604;0.0002858450764022154;0.0
