x_val;helion_sum_tritonbench-accuracy;helion_sum_tritonbench-gbps;helion_sum_tritonbench-speedup;helion_sum_tritonbench-tflops;torch_sum-gbps;torch_sum-tflops;triton_sum-accuracy;triton_sum-gbps;triton_sum-speedup;triton_sum-tflops
288;1.0;0.0002264150902164;1.3207546824447254;0.0;0.0001714285727894;0.0;1.0;0.0001411764751617;0.8235294319057657;0.0
360;1.0;0.0002830188627705;1.2389936957260477;0.0;0.0002284263945384;0.0;1.0;0.0001771653451038;0.7755905155433925;0.0
440;1.0;0.0003481012762195;1.2468354879225088;0.0;0.000279187815547;0.0;1.0;0.000215686281497;0.7725490493718538;0.0
average;1.0;0.0002858450764022;1.2688612886977604;0.0;0.0002263475942916;0.0;1.0;0.0001780093672541;0.7905563322736707;0.0
