x_val;helion_add-accuracy;helion_add-gbps;helion_add-speedup;helion_add-tflops;torch_add-gbps;torch_add-tflops;triton_add-accuracy;triton_add-gbps;triton_add-speedup;triton_add-tflops
16777216;1.0;(2101.3547231821694, 2059.3964133580753, 2128.3681197675014);1.0046760543402151;0.0;(2091.5744075956486, 2022.3259792394524, 2111.9354786543763);0.0;1.0;(2081.1961845213273, 2019.080887146252, 2110.518537038111);0.99503808086548;0.0
33554432;1.0;(2153.1335455281915, 2133.7819351865323, 2168.3459599429375);1.004791275527905;0.0;(2142.8664817944023, 2128.3681197675014, 2155.3462718960086);0.0;1.0;(2137.769580912205, 2118.692099731257, 2155.3462718960086);0.9976214566210728;0.0
67108864;1.0;(2208.884681720171, 2198.0805566153654, 2217.8395157403925);1.007460716752958;0.0;(2192.52685984561, 2181.5034113420634, 2201.156700889532);0.0;1.0;(2192.144972547318, 2180.747251910319, 2200.5793129779818);0.9998258232064172;0.0
134217728;1.0;(2225.291767271548, 2215.0088852690765, 2238.0562830603544);1.00539399582276;0.0;(2213.352950701172, 2205.400394779482, 2221.4613164859984);0.0;1.0;(2215.106391714301, 2207.04444679136, 2223.031196466575);1.0007922103036362;0.0
average;1.0;;1.0055805106109597;0.0;;0.0;1.0;;0.9983193927491516;0.0
