x_val;torch_exp-gbps;torch_exp-tflops;triton_exp-accuracy;triton_exp-speedup;triton_exp-gbps;triton_exp-tflops;helion_exp_tritonbench-accuracy;helion_exp_tritonbench-speedup;helion_exp_tritonbench-gbps;helion_exp_tritonbench-tflops
16777216;(3036.417069388363, 3000.2175933174576, 3070.500728402313);0.0;1.0;0.9975926634021053;(3029.1073914507515, 2978.9090676425903, 3073.5007519762144);0.0;1.0;0.6248491796722284;(1897.3027149500704, 1881.4162204988977, 1914.0419160468812);0.0
33554432;(3119.214688234108, 3084.047158732522, 3157.5690077596555);0.0;1.0;0.9953121361123497;(3104.5922343393067, 3063.772215340629, 3144.9417922481393);0.0;1.0;0.6287406496686264;(1961.1770695362347, 1953.2616720162275, 1969.77325942501);0.0
67108864;(3198.0969920283064, 3171.8960060211957, 3226.387779832349);0.0;1.0;0.9987307346608965;(3194.0377583652335, 3168.3022672684806, 3222.2566499948366);0.0;1.0;0.6230897064479102;(1992.7013159548621, 1990.0224732736692, 1994.9127391140628);0.0
134217728;(3246.1559460123594, 3230.3221283794187, 3260.66645363252);0.0;1.0;0.9986474048576575;(3241.765211248497, 3227.6290887770047, 3256.025899205324);0.0;1.0;0.6176552382932463;(2005.0052243713026, 2003.249621742037, 2006.4439846677965);0.0
average;;0.0;1.0;0.9975707347582523;;0.0;1.0;0.6235836935205028;;0.0
