x_val;torch_layer_norm-tflops;torch_layer_norm-gbps;triton_layer_norm-speedup;triton_layer_norm-tflops;triton_layer_norm-gbps;triton_layer_norm-accuracy;torch_compile_layer_norm-speedup;torch_compile_layer_norm-tflops;torch_compile_layer_norm-gbps;torch_compile_layer_norm-accuracy;liger_layer_norm-speedup;liger_layer_norm-tflops;liger_layer_norm-gbps;liger_layer_norm-accuracy;helion_layer_norm_fwd-speedup;helion_layer_norm_fwd-tflops;helion_layer_norm_fwd-gbps;helion_layer_norm_fwd-accuracy
12800;0.0;1405.296450103577;1.3144024783470127;0.0;1847.1251368284004;1.0;1.3758666149372103;0.0;1933.5004697872864;1.0;1.4951907669772841;0.0;2101.186277060822;1.0;1.7038729256741094;0.0;2394.446573877421;0.0
13312;0.0;1403.4272047601978;1.3336537059203435;0.0;1871.6858926178663;1.0;1.000102894263151;0.0;1403.5716093683175;1.0;1.5007725286314781;0.0;2106.224994838169;1.0;1.7040350040034615;0.0;2391.4890824821105;0.0
13824;0.0;1405.1792909112312;1.358414199805736;0.0;1908.8155020467714;1.0;1.0001985255662462;0.0;1405.458254925637;1.0;1.5002233301778396;0.0;2108.0827553077825;1.0;1.6945332381906493;0.0;2381.1230140662487;0.0
14336;0.0;1405.7324358162184;1.3729949887230504;0.0;1930.0635898611147;1.0;1.0013424655161036;0.0;1407.61958313617;1.0;1.503888312102513;0.0;2114.064580167407;1.0;1.658408728135384;0.0;2331.2789409806296;0.0
14848;0.0;1406.7682753710897;1.3801558713640243;0.0;1941.5594949020522;1.0;1.000092554865904;0.0;1406.8984786201747;1.0;1.4994451214162718;0.0;2109.371827468363;1.0;1.6269758008946473;0.0;2288.7779414950605;0.0
15360;0.0;1405.5978564632462;1.39300386951606;0.0;1958.0032530367816;1.0;1.000357592568602;0.0;1406.1004878111605;1.0;1.5054486693163356;0.0;2116.055422606488;1.0;1.6119274494056177;0.0;2265.7217676588043;0.0
15872;0.0;1407.058068543008;1.39605994502563;0.0;1964.3374098180207;1.0;0.9995673009078461;0.0;1406.4492357941415;1.0;1.5071764029306767;0.0;2120.6847184612366;1.0;1.5613679640643934;0.0;2196.9353918013744;0.0
average;0.0;1405.5799402812243;1.3640978655288367;0.0;1917.370039873001;1.0;1.0539325640892947;0.0;1481.3711599204125;1.0;1.5017350187932;0.0;2110.810082272895;1.0;1.6515887300526089;0.0;2321.39610176595;0.0
