x_val;torch_layer_norm-gbps;torch_layer_norm-tflops;triton_layer_norm-speedup;triton_layer_norm-accuracy;triton_layer_norm-gbps;triton_layer_norm-tflops;torch_compile_layer_norm-speedup;torch_compile_layer_norm-accuracy;torch_compile_layer_norm-gbps;torch_compile_layer_norm-tflops;liger_layer_norm-speedup;liger_layer_norm-accuracy;liger_layer_norm-gbps;liger_layer_norm-tflops;helion_layer_norm_fwd-speedup;helion_layer_norm_fwd-accuracy;helion_layer_norm_fwd-gbps;helion_layer_norm_fwd-tflops
1024;1385.1730485675635;0.0;1.119822445975371;1.0;1551.1478713460901;0.0;1.1664098743153986;1.0;1615.6795214847693;0.0;1.1522070094781918;1.0;1596.0060958998224;0.0;1.401851909141287;0.0;1941.8074826254958;0.0
1536;1593.5806302482272;0.0;1.0870043638437852;1.0;1732.2290992167527;0.0;0.9860138802876075;1.0;1571.2926207822259;0.0;1.0942349764542914;1.0;1743.7516634176839;0.0;1.0217390544593514;0.0;1628.2235663545612;0.0
2048;1655.2107534939973;0.0;1.0903614325055624;1.0;1804.777968278326;0.0;0.9992113504572193;1.0;1653.9053722900485;0.0;1.1202475580573814;1.0;1854.2458046719687;0.0;1.1075174890110142;0.0;1833.1748574937005;0.0
2560;1767.6601483390625;0.0;1.0291464050690833;1.0;1819.1810870470288;0.0;0.9993261404249614;1.0;1766.46899362269;0.0;1.0684438231899493;1.0;1888.6455669919008;0.0;0.1219371819780734;0.0;215.5434971834085;0.0
3072;1734.1389584539747;0.0;1.101396474969433;1.0;1909.9745359483718;0.0;0.9994490316073057;1.0;1733.1835026993267;0.0;1.1295142922278276;1.0;1958.7347382828432;0.0;1.2527624319386408;0.0;2172.464138912343;0.0
3584;1707.778449655303;0.0;1.1364358047980352;1.0;1940.7805768507649;0.0;1.0;1.0;1707.778449655303;0.0;1.1654013655063034;1.0;1990.2473372105278;0.0;1.3811054637542086;0.0;2358.6221477006306;0.0
4096;1623.1827346232415;0.0;1.17241373117653;1.0;1903.0417262809576;0.0;1.0058388016209507;1.0;1632.6601766052588;0.0;1.2340017892600368;1.0;2003.010398821079;0.0;1.4936415365018891;0.0;2424.4531537659964;0.0
4608;1675.0415159404874;0.0;1.193644058976001;1.0;1999.4033540405176;0.0;1.0046362693687865;1.0;1682.807459612288;0.0;1.2189528987920109;1.0;2041.7967114526216;0.0;1.2306684446831408;0.0;2061.42073720217;0.0
average;1642.720779915232;0.0;1.116278089664225;1.0;1832.5670273761011;0.0;1.0201106685102785;1.0;1670.4720120939887;0.0;1.1478754641207491;1.0;1884.554789593556;0.0;1.1264029389334507;0.0;1829.4636976547883;0.0
