x_val;torch_layer_norm-gbps;torch_layer_norm-tflops;triton_layer_norm-gbps;triton_layer_norm-speedup;triton_layer_norm-accuracy;triton_layer_norm-tflops;torch_compile_layer_norm-gbps;torch_compile_layer_norm-speedup;torch_compile_layer_norm-accuracy;torch_compile_layer_norm-tflops;liger_layer_norm-gbps;liger_layer_norm-speedup;liger_layer_norm-accuracy;liger_layer_norm-tflops;helion_layer_norm_fwd-gbps;helion_layer_norm_fwd-speedup;helion_layer_norm_fwd-accuracy;helion_layer_norm_fwd-tflops
12800;1406.0502436187667;0.0;1840.8988250859577;1.3092695893626223;1.0;0.0;1925.8301114306776;1.36967375111301;1.0;0.0;2094.1364673327034;1.4893752743451056;1.0;0.0;205.7031753328113;0.1462985951365371;0.0;0.0
13312;1400.1118035722488;0.0;1864.00764784241;1.3313277147486193;1.0;0.0;1402.2722306401697;1.0015430389647517;1.0;0.0;2099.089592607202;1.4992299809569347;1.0;0.0;213.25857753578381;0.15231539152207368;0.0;0.0
13824;1404.9003077611928;0.0;1903.169713806798;1.3546653120459717;1.0;0.0;1404.4821704607125;0.9997023722621667;1.0;0.0;2107.1414326432755;1.4998512143549554;1.0;0.0;220.6977826907059;0.15709141885120897;0.0;0.0
14336;1404.9252959479877;0.0;1928.2889808191633;1.372520650301218;1.0;0.0;1404.9252959479877;1.0;1.0;0.0;2112.543369127633;1.5036695368931863;1.0;0.0;227.82749306247746;0.16216342158516586;0.0;0.0
14848;1405.9878038612637;0.0;1933.166281315566;1.374952382948495;1.0;0.0;1404.9484407031896;0.9992607594779843;1.0;0.0;2104.1173323650696;1.4965402449342258;1.0;0.0;235.7592977629837;0.16768232065421765;0.0;0.0
15360;1406.7293120265026;0.0;1951.686394547199;1.3873929958391524;1.0;0.0;1404.8446412839407;0.9986602463413188;1.0;0.0;2109.5279074682253;1.4995976051919235;1.0;0.0;242.99217617413152;0.17273556049250333;0.0;0.0
15872;1408.5213517793693;0.0;1957.2408711612854;1.389571317956043;1.0;0.0;1406.936237142571;0.9988746250564139;1.0;0.0;2114.8897641361277;1.501496417831658;1.0;0.0;250.1720604550837;0.17761325388432636;0.0;0.0
average;1405.31801693819;0.0;1911.2083877969114;1.359957137600303;1.0;0.0;1479.1770182298926;1.0525306847450921;1.0;0.0;2105.9208379543193;1.49853718207257;1.0;0.0;228.05865185913964;0.16227142316086182;0.0;0.0
